{"cameraMode":{"drawMode":0,"name":"Shaded","section":"Shading Mode"},"sceneLighting":true,"audioPlay":false,"sceneViewState":{"showFog":false,"showMaterialUpdate":false,"showSkybox":false,"showFlares":false,"showImageEffects":false,"showParticleSystems":true},"in2DMode":false,"pivot":{"x":39.74474334716797,"y":162.04745483398438,"z":467.35845947265627},"rotation":{"x":0.06745180487632752,"y":-0.06489922106266022,"z":0.00439408328384161,"w":0.9955998659133911},"size":974.5446166992188,"orthographic":false}