{"cameraMode":{"drawMode":0,"name":"Shaded","section":"Shading Mode"},"sceneLighting":false,"audioPlay":false,"sceneViewState":{"showFog":false,"showMaterialUpdate":false,"showSkybox":false,"showFlares":false,"showImageEffects":false,"showParticleSystems":true},"in2DMode":false,"pivot":{"x":0.026634037494659425,"y":0.28633514046669009,"z":0.029389798641204835},"rotation":{"x":-0.15643702447414399,"y":0.2790990471839905,"z":-0.04613565653562546,"w":-0.9463100433349609},"size":3.2855098247528078,"orthographic":false}