{"cameraMode":{"drawMode":0,"name":"Shaded","section":"Shading Mode"},"sceneLighting":true,"audioPlay":false,"sceneViewState":{"showFog":false,"showMaterialUpdate":false,"showSkybox":false,"showFlares":false,"showImageEffects":false,"showParticleSystems":true},"in2DMode":false,"pivot":{"x":-40.03770065307617,"y":80.42229461669922,"z":-12.170515060424805},"rotation":{"x":-0.33901286125183108,"y":-0.6166847348213196,"z":0.33316919207572939,"w":-0.6275097727775574},"size":40.04071044921875,"orthographic":false}