{"cameraMode":{"drawMode":0,"name":"Shaded","section":"Shading Mode"},"sceneLighting":true,"audioPlay":false,"sceneViewState":{"showFog":false,"showMaterialUpdate":false,"showSkybox":false,"showFlares":false,"showImageEffects":false,"showParticleSystems":true},"in2DMode":false,"pivot":{"x":-36.56215286254883,"y":86.12295532226563,"z":-31.306425094604493},"rotation":{"x":0.173824280500412,"y":0.800571084022522,"z":-0.27720001339912417,"w":0.5020270943641663},"size":21.74020004272461,"orthographic":false}